,0,1,SUM,alex review,2,,,,,,max review
0,2765,2765,2,1,,,,,,,1
1,2765,2565,0,,,,,,,,
2,2765,2260,2,1,,,,,,,1
3,2765,2341,1,,,,,,,,1
4,2765,1795,0,,,,,,,,
5,2765,2531,0,,,,,,,,
6,2765,2169,2,1,,,,,,,1
7,2765,1957,0,,,,,,,,
8,2765,2699,0,,,,,,,,
9,2765,2545,2,1,,,,,,,1
10,2765,1670,0,,,,,,,,
11,2765,2123,2,1,,,,,,,1
12,2765,782,1,,,,,,,,1
13,2765,2314,2,1,,,,,,,1
14,2765,1871,2,1,,,,,,,1
15,2765,2310,2,1,,,,,,,1
16,2765,1245,1,,,,,,,,1
17,2765,2311,2,1,,,,,,,1
18,2765,2281,0,,,,,,,,
19,2765,2886,2,1,,,,,,,1
20,2765,1653,2,1,,,,,,,1
21,2765,1865,2,1,,,,,,,1
22,2765,1556,2,1,,,,,,,1
23,2765,2572,2,1,,,,,,,1
24,2765,2664,2,1,,,,,,,1
25,2765,1295,2,1,,,,,,,1
26,2765,2092,0,,,,,,,,
27,2765,2560,0,,,,,,,,
28,2765,1555,2,1,,,,,,,1
29,2765,2105,2,1,,,,,,,1
30,2765,1808,2,1,,,,,,,1
31,2765,2689,2,1,,,,,,,1
32,2765,2166,0,,,,,,,,
33,2765,2168,2,1,,,,,,,1
34,2765,2607,1,,,,,,,,1
35,2765,2106,2,1,,,,,,,1
36,2765,791,0,,,,,,,,
37,2765,2696,1,1,,,,,,,
38,2765,1944,2,1,,,,,,,1
39,2765,1851,1,,,,,,,,1
40,2765,1873,1,1,,,,,,,
41,2765,2698,2,1,,,,,,,1
42,2765,1911,0,,,,,,,,
43,2765,2864,1,1,,,,,,,
44,2765,2814,2,1,,,,,,,1
45,2765,2856,2,1,,,,,,,1
46,2260,2765,0,,,,,,,,
47,2260,2565,0,,,,,,,,
48,2260,2260,0,,,,,,,,
49,2260,2341,0,,,,,,,,
50,2260,1795,1,,,,,,,,1
51,2260,2531,0,,,,,,,,
52,2260,2169,1,,,,,,,,1
53,2260,1957,1,,,,,,,,1
54,2260,2699,0,,,,,,,,
55,2260,2545,0,,,,,,,,
56,2260,1670,0,,,,,,,,
57,2260,2123,2,1,,,,,,,1
58,2260,782,1,,,,,,,,1
59,2260,2314,0,,,,,,,,
60,2260,1871,1,1,,,,,,,
61,2260,2310,2,1,,,,,,,1
62,2260,1245,1,,,,,,,,1
63,2260,2311,2,1,,,,,,,1
64,2260,2281,2,1,,,,,,,1
65,2260,2886,2,1,,,,,,,1
66,2260,1653,1,1,,,,,,,
67,2260,1865,1,1,,,,,,,
68,2260,1556,2,1,,,,,,,1
69,2260,2572,2,1,,,,,,,1
70,2260,2664,0,,,,,,,,
71,2260,1295,1,1,,,,,,,
72,2260,2092,1,,,,,,,,1
73,2260,2560,2,1,,,,,,,1
74,2260,1555,2,1,,,,,,,1
75,2260,2105,2,1,,,,,,,1
76,2260,1808,2,1,,,,,,,1
77,2260,2689,2,1,,,,,,,1
78,2260,2166,2,1,,,,,,,1
79,2260,2168,2,1,,,,,,,1
80,2260,2607,2,1,,,,,,,1
81,2260,2106,1,,,,,,,,1
82,2260,791,0,,,,,,,,
83,2260,2696,1,1,,,,,,,
84,2260,1944,2,1,,,,,,,1
85,2260,1851,1,,,,,,,,1
86,2260,1873,1,1,,,,,,,
87,2260,2698,2,1,,,,,,,1
88,2260,1911,2,1,,,,,,,1
89,2260,2864,2,1,,,,,,,1
90,2260,2814,2,1,,,,,,,1
91,2260,2856,2,1,,,,,,,1
92,2341,2765,2,1,,,,,,,1
93,2341,2565,0,,,,,,,,
94,2341,2260,2,1,,,,,,,1
95,2341,2341,0,,,,,,,,
96,2341,1795,0,,,,,,,,
97,2341,2531,0,,,,,,,,
98,2341,2169,1,,,,,,,,1
99,2341,1957,1,,,,,,,,1
100,2341,2699,0,,,,,,,,
101,2341,2545,2,1,,,,,,,1
102,2341,1670,1,,,,,,,,1
103,2341,2123,2,1,,,,,,,1
104,2341,782,1,,,,,,,,1
105,2341,2314,2,1,,,,,,,1
106,2341,1871,2,1,,,,,,,1
107,2341,2310,2,1,,,,,,,1
108,2341,1245,2,1,,,,,,,1
109,2341,2311,2,1,,,,,,,1
110,2341,2281,2,1,,,,,,,1
111,2341,2886,2,1,,,,,,,1
112,2341,1653,2,1,,,,,,,1
113,2341,1865,1,1,,,,,,,
114,2341,1556,2,1,,,,,,,1
115,2341,2572,2,1,,,,,,,1
116,2341,2664,1,1,,,,,,,
117,2341,1295,1,1,,,,,,,
118,2341,2092,2,1,,,,,,,1
119,2341,2560,1,,,,,,,,1
120,2341,1555,1,,,,,,,,1
121,2341,2105,2,1,,,,,,,1
122,2341,1808,1,,,,,,,,1
123,2341,2689,0,,,,,,,,
124,2341,2166,2,1,,,,,,,1
125,2341,2168,2,1,,,,,,,1
126,2341,2607,1,,,,,,,,1
127,2341,2106,1,,,,,,,,1
128,2341,791,0,,,,,,,,
129,2341,2696,1,1,,,,,,,
130,2341,1944,2,1,,,,,,,1
131,2341,1851,1,1,,,,,,,
132,2341,1873,2,1,,,,,,,1
133,2341,2698,2,1,,,,,,,1
134,2341,1911,2,1,,,,,,,1
135,2341,2864,2,1,,,,,,,1
136,2341,2814,2,1,,,,,,,1
137,2341,2856,2,1,,,,,,,1
138,2531,2765,1,,,,,,,,1
139,2531,2565,0,,,,,,,,
140,2531,2260,1,,,,,,,,1
141,2531,2341,1,,,,,,,,1
142,2531,1795,1,,,,,,,,1
143,2531,2531,1,,,,,,,,1
144,2531,2169,2,1,,,,,,,1
145,2531,1957,2,1,,,,,,,1
146,2531,2699,0,,,,,,,,
147,2531,2545,0,,,,,,,,
148,2531,1670,0,,,,,,,,
149,2531,2123,2,1,,,,,,,1
150,2531,782,1,,,,,,,,1
151,2531,2314,1,,,,,,,,1
152,2531,1871,2,1,,,,,,,1
153,2531,2310,2,1,,,,,,,1
154,2531,1245,2,1,,,,,,,1
155,2531,2311,2,1,,,,,,,1
156,2531,2281,2,1,,,,,,,1
157,2531,2886,3,1,,,,,,,2
158,2531,1653,1,,,,,,,,1
159,2531,1865,1,1,,,,,,,
160,2531,1556,1,,,,,,,,1
161,2531,2572,2,1,,,,,,,1
162,2531,2664,1,,,,,,,,1
163,2531,1295,1,1,,,,,,,
164,2531,2092,1,,,,,,,,1
165,2531,2560,1,1,,,,,,,
166,2531,1555,1,,,,,,,,1
167,2531,2105,2,1,,,,,,,1
168,2531,1808,1,,,,,,,,1
169,2531,2689,1,,,,,,,,1
170,2531,2166,2,1,,,,,,,1
171,2531,2168,2,1,,,,,,,1
172,2531,2607,0,,,,,,,,
173,2531,2106,0,,,,,,,,
174,2531,791,0,,,,,,,,
175,2531,2696,2,1,,,,,,,1
176,2531,1944,3,1,,,,,,,2
177,2531,1851,0,,,,,,,,
178,2531,1873,1,,,,,,,,1
179,2531,2698,1,,,,,,,,1
180,2531,1911,1,,,,,,,,1
181,2531,2864,2,1,,,,,,,1
182,2531,2814,2,1,,,,,,,1
183,2531,2856,1,,,,,,,,1
184,1245,2765,2,1,,,,,,,1
185,1245,2565,0,,,,,,,,
186,1245,2260,1,,,,,,,,1
187,1245,2341,0,,,,,,,,
188,1245,1795,1,,,,,,,,1
189,1245,2531,1,,,,,,,,1
190,1245,2169,1,,,,,,,,1
191,1245,1957,2,1,,,,,,,1
192,1245,2699,0,,,,,,,,
193,1245,2545,2,1,,,,,,,1
194,1245,1670,0,,,,,,,,
195,1245,2123,2,1,,,,,,,1
196,1245,782,1,,,,,,,,1
197,1245,2314,0,,,,,,,,
198,1245,1871,2,1,,,,,,,1
199,1245,2310,2,1,,,,,,,1
200,1245,1245,1,,,,,,,,1
201,1245,2311,2,1,,,,,,,1
202,1245,2281,2,1,,,,,,,1
203,1245,2886,2,1,,,,,,,1
204,1245,1653,2,1,,,,,,,1
205,1245,1865,2,1,,,,,,,1
206,1245,1556,2,1,,,,,,,1
207,1245,2572,2,1,,,,,,,1
208,1245,2664,1,,,,,,,,1
209,1245,1295,2,1,,,,,,,1
210,1245,2092,1,,,,,,,,1
211,1245,2560,2,1,,,,,,,1
212,1245,1555,2,1,,,,,,,1
213,1245,2105,2,1,,,,,,,1
214,1245,1808,1,1,,,,,,,
215,1245,2689,1,1,,,,,,,
216,1245,2166,2,1,,,,,,,1
217,1245,2168,2,1,,,,,,,1
218,1245,2607,2,1,,,,,,,1
219,1245,2106,2,1,,,,,,,1
220,1245,791,0,,,,,,,,
221,1245,2696,1,1,,,,,,,
222,1245,1944,1,1,,,,,,,
223,1245,1851,1,1,,,,,,,
224,1245,1873,2,1,,,,,,,1
225,1245,2698,2,1,,,,,,,1
226,1245,1911,2,1,,,,,,,1
227,1245,2864,2,1,,,,,,,1
228,1245,2814,2,1,,,,,,,1
229,1245,2856,2,1,,,,,,,1
230,2281,2765,2,1,,,,,,,1
231,2281,2565,0,,,,,,,,
232,2281,2260,1,1,,,,,,,
233,2281,2341,1,1,,,,,,,
234,2281,1795,0,,,,,,,,
235,2281,2531,0,,,,,,,,
236,2281,2169,0,,,,,,,,
237,2281,1957,0,,,,,,,,
238,2281,2699,0,,,,,,,,
239,2281,2545,0,,,,,,,,
240,2281,1670,0,,,,,,,,
241,2281,2123,3,2,,,,,,,1
242,2281,782,1,,,,,,,,1
243,2281,2314,0,,,,,,,,
244,2281,1871,1,1,,,,,,,
245,2281,2310,0,,,,,,,,
246,2281,1245,1,,,,,,,,1
247,2281,2311,2,1,,,,,,,1
248,2281,2281,2,1,,,,,,,1
249,2281,2886,2,1,,,,,,,1
250,2281,1653,0,,,,,,,,
251,2281,1865,0,,,,,,,,
252,2281,1556,2,2,,,,,,,
253,2281,2572,2,2,,,,,,,
254,2281,2664,0,,,,,,,,
255,2281,1295,2,1,,,,,,,1
256,2281,2092,2,1,,,,,,,1
257,2281,2560,2,1,,,,,,,1
258,2281,1555,2,1,,,,,,,1
259,2281,2105,2,1,,,,,,,1
260,2281,1808,1,1,,,,,,,
261,2281,2689,0,,,,,,,,
262,2281,2166,2,1,,,,,,,1
263,2281,2168,2,1,,,,,,,1
264,2281,2607,0,,,,,,,,
265,2281,2106,1,,,,,,,,1
266,2281,791,1,,,,,,,,1
267,2281,2696,2,1,,,,,,,1
268,2281,1944,1,,,,,,,,1
269,2281,1851,2,1,,,,,,,1
270,2281,1873,2,1,,,,,,,1
271,2281,2698,2,1,,,,,,,1
272,2281,1911,1,1,,,,,,,
273,2281,2864,2,1,,,,,,,1
274,2281,2814,1,1,,,,,,,
275,2281,2856,2,1,,,,,,,1
276,2886,2765,3,2,,,,,,,1
277,2886,2565,0,,,,,,,,
278,2886,2260,2,1,,,,,,,1
279,2886,2341,1,,,,,,,,1
280,2886,1795,0,,,,,,,,
281,2886,2531,0,,,,,,,,
282,2886,2169,2,1,,,,,,,1
283,2886,1957,0,,,,,,,,
284,2886,2699,0,,,,,,,,
285,2886,2545,1,1,,,,,,,
286,2886,1670,0,,,,,,,,
287,2886,2123,4,2,,,,,,,2
288,2886,782,4,2,,,,,,,2
289,2886,2314,2,1,,,,,,,1
290,2886,1871,2,2,,,,,,,
291,2886,2310,3,2,,,,,,,1
292,2886,1245,3,2,,,,,,,1
293,2886,2311,3,2,,,,,,,1
294,2886,2281,4,2,,,,,,,2
295,2886,2886,2,2,,,,,,,
296,2886,1653,1,1,,,,,,,
297,2886,1865,0,,,,,,,,
298,2886,1556,3,2,,,,,,,1
299,2886,2572,3,2,,,,,,,1
300,2886,2664,3,2,,,,,,,1
301,2886,1295,0,,,,,,,,
302,2886,2092,2,1,,,,,,,1
303,2886,2560,2,1,,,,,,,1
304,2886,1555,2,1,,,,,,,1
305,2886,2105,2,1,,,,,,,1
306,2886,1808,0,,,,,,,,
307,2886,2689,0,,,,,,,,
308,2886,2166,0,,,,,,,,
309,2886,2168,4,2,,,,,,,2
310,2886,2607,1,,,,,,,,1
311,2886,2106,3,2,,,,,,,1
312,2886,791,2,2,,,,,,,
313,2886,2696,1,1,,,,,,,
314,2886,1944,0,,,,,,,,
315,2886,1851,2,1,,,,,,,1
316,2886,1873,2,1,,,,,,,1
317,2886,2698,2,1,,,,,,,1
318,2886,1911,2,1,,,,,,,1
319,2886,2864,3,2,,,,,,,1
320,2886,2814,0,,,,,,,,
321,2886,2856,4,2,,,,,,,2
322,1653,2765,2,1,,,,,,,1
323,1653,2565,0,,,,,,,,
324,1653,2260,2,1,,,,,,,1
325,1653,2341,1,1,,,,,,,
326,1653,1795,0,,,,,,,,
327,1653,2531,0,,,,,,,,
328,1653,2169,0,,,,,,,,
329,1653,1957,1,,,,,,,,1
330,1653,2699,0,,,,,,,,
331,1653,2545,1,1,,,,,,,
332,1653,1670,0,,,,,,,,
333,1653,2123,2,1,,,,,,,1
334,1653,782,0,,,,,,,,
335,1653,2314,0,,,,,,,,
336,1653,1871,2,1,,,,,,,1
337,1653,2310,0,,,,,,,,
338,1653,1245,0,,,,,,,,
339,1653,2311,2,1,,,,,,,1
340,1653,2281,0,,,,,,,,
341,1653,2886,0,,,,,,,,
342,1653,1653,0,,,,,,,,
343,1653,1865,1,1,,,,,,,
344,1653,1556,0,,,,,,,,
345,1653,2572,0,,,,,,,,
346,1653,2664,0,,,,,,,,
347,1653,1295,0,,,,,,,,
348,1653,2092,0,,,,,,,,
349,1653,2560,0,,,,,,,,
350,1653,1555,0,,,,,,,,
351,1653,2105,0,,,,,,,,
352,1653,1808,0,,,,,,,,
353,1653,2689,0,,,,,,,,
354,1653,2166,0,,,,,,,,
355,1653,2168,0,,,,,,,,
356,1653,2607,1,,,,,,,,1
357,1653,2106,0,,,,,,,,
358,1653,791,0,,,,,,,,
359,1653,2696,1,1,,,,,,,
360,1653,1944,0,,,,,,,,
361,1653,1851,0,,,,,,,,
362,1653,1873,0,,,,,,,,
363,1653,2698,1,,,,,,,,1
364,1653,1911,1,,,,,,,,1
365,1653,2864,0,,,,,,,,
366,1653,2814,0,,,,,,,,
367,1653,2856,0,,,,,,,,
368,1865,2765,2,1,,,,,,,1
369,1865,2565,0,,,,,,,,
370,1865,2260,1,1,,,,,,,
371,1865,2341,1,,,,,,,,1
372,1865,1795,0,,,,,,,,
373,1865,2531,0,,,,,,,,
374,1865,2169,0,,,,,,,,
375,1865,1957,1,,,,,,,,1
376,1865,2699,0,,,,,,,,
377,1865,2545,4,2,,,,,,,2
378,1865,1670,0,,,,,,,,
379,1865,2123,3,2,,,,,,,1
380,1865,782,3,2,,,,,,,1
381,1865,2314,2,1,,,,,,,1
382,1865,1871,3,2,,,,,,,1
383,1865,2310,0,,,,,,,,
384,1865,1245,1,,,,,,,,1
385,1865,2311,4,2,,,,,,,2
386,1865,2281,2,1,,,,,,,1
387,1865,2886,4,2,,,,,,,2
388,1865,1653,1,,,,,,,,1
389,1865,1865,1,,,,,,,,1
390,1865,1556,2,2,,,,,,,
391,1865,2572,2,2,,,,,,,
392,1865,2664,0,,,,,,,,
393,1865,1295,0,,,,,,,,
394,1865,2092,1,,,,,,,,1
395,1865,2560,3,2,,,,,,,1
396,1865,1555,1,1,,,,,,,
397,1865,2105,2,1,,,,,,,1
398,1865,1808,0,,,,,,,,
399,1865,2689,0,,,,,,,,
400,1865,2166,1,,,,,,,,1
401,1865,2168,2,1,,,,,,,1
402,1865,2607,2,1,,,,,,,1
403,1865,2106,1,,,,,,,,1
404,1865,791,0,,,,,,,,
405,1865,2696,1,,,,,,,,1
406,1865,1944,0,,,,,,,,
407,1865,1851,1,,,,,,,,1
408,1865,1873,2,1,,,,,,,1
409,1865,2698,0,,,,,,,,
410,1865,1911,2,1,,,,,,,1
411,1865,2864,2,1,,,,,,,1
412,1865,2814,0,,,,,,,,
413,1865,2856,1,1,,,,,,,
414,1556,2765,1,0,,,,,,,1
415,1556,2565,0,,,,,,,,
416,1556,2260,1,1,,,,,,,
417,1556,2341,0,,,,,,,,
418,1556,1795,1,,,,,,,,1
419,1556,2531,1,,,,,,,,1
420,1556,2169,2,1,,,,,,,1
421,1556,1957,2,1,,,,,,,1
422,1556,2699,0,,,,,,,,
423,1556,2545,1,1,,,,,,,
424,1556,1670,0,,,,,,,,
425,1556,2123,1,1,,,,,,,
426,1556,782,0,,,,,,,,
427,1556,2314,0,,,,,,,,
428,1556,1871,0,,,,,,,,
429,1556,2310,0,,,,,,,,
430,1556,1245,0,,,,,,,,
431,1556,2311,1,1,,,,,,,
432,1556,2281,0,,,,,,,,
433,1556,2886,1,1,,,,,,,
434,1556,1653,0,,,,,,,,
435,1556,1865,1,1,,,,,,,
436,1556,1556,1,1,,,,,,,
437,1556,2572,1,1,,,,,,,
438,1556,2664,0,,,,,,,,
439,1556,1295,0,,,,,,,,
440,1556,2092,0,,,,,,,,
441,1556,2560,1,1,,,,,,,
442,1556,1555,0,,,,,,,,
443,1556,2105,1,1,,,,,,,
444,1556,1808,0,,,,,,,,
445,1556,2689,0,,,,,,,,
446,1556,2166,1,1,,,,,,,
447,1556,2168,0,,,,,,,,
448,1556,2607,0,,,,,,,,
449,1556,2106,0,,,,,,,,
450,1556,791,0,,,,,,,,
451,1556,2696,2,2,,,,,,,
452,1556,1944,0,,,,,,,,
453,1556,1851,0,,,,,,,,
454,1556,1873,1,1,,,,,,,
455,1556,2698,0,,,,,,,,
456,1556,1911,2,2,,,,,,,
457,1556,2864,0,,,,,,,,
458,1556,2814,0,,,,,,,,
459,1556,2856,0,,,,,,,,
460,2572,2765,2,1,,,,,,,1
461,2572,2565,0,,,,,,,,
462,2572,2260,1,1,,,,,,,
463,2572,2341,0,,,,,,,,
464,2572,1795,0,,,,,,,,
465,2572,2531,0,,,,,,,,
466,2572,2169,2,1,,,,,,,1
467,2572,1957,0,,,,,,,,
468,2572,2699,0,,,,,,,,
469,2572,2545,0,,,,,,,,
470,2572,1670,0,,,,,,,,
471,2572,2123,2,1,,,,,,,1
472,2572,782,2,1,,,,,,,1
473,2572,2314,0,,,,,,,,
474,2572,1871,1,1,,,,,,,
475,2572,2310,0,,,,,,,,
476,2572,1245,1,1,,,,,,,
477,2572,2311,2,1,,,,,,,1
478,2572,2281,1,1,,,,,,,
479,2572,2886,1,1,,,,,,,
480,2572,1653,0,,,,,,,,
481,2572,1865,1,1,,,,,,,
482,2572,1556,0,,,,,,,,
483,2572,2572,2,1,,,,,,,1
484,2572,2664,0,,,,,,,,
485,2572,1295,0,,,,,,,,
486,2572,2092,1,,,,,,,,1
487,2572,2560,1,1,,,,,,,
488,2572,1555,2,2,,,,,,,
489,2572,2105,1,,,,,,,,1
490,2572,1808,0,,,,,,,,
491,2572,2689,1,,,,,,,,1
492,2572,2166,2,1,,,,,,,1
493,2572,2168,2,1,,,,,,,1
494,2572,2607,1,,,,,,,,1
495,2572,2106,1,1,,,,,,,
496,2572,791,0,,,,,,,,
497,2572,2696,1,1,,,,,,,
498,2572,1944,0,,,,,,,,
499,2572,1851,0,,,,,,,,
500,2572,1873,1,,,,,,,,1
501,2572,2698,2,1,,,,,,,1
502,2572,1911,2,1,,,,,,,1
503,2572,2864,1,1,,,,,,,
504,2572,2814,0,,,,,,,,
505,2572,2856,1,,,,,,,,1
506,2664,2765,0,,,,,,,,
507,2664,2565,0,,,,,,,,
508,2664,2260,0,,,,,,,,
509,2664,2341,0,,,,,,,,
510,2664,1795,0,,,,,,,,
511,2664,2531,0,,,,,,,,
512,2664,2169,0,,,,,,,,
513,2664,1957,0,,,,,,,,
514,2664,2699,0,,,,,,,,
515,2664,2545,0,,,,,,,,
516,2664,1670,0,,,,,,,,
517,2664,2123,0,0,,,,,,,
518,2664,782,0,,,,,,,,
519,2664,2314,0,,,,,,,,
520,2664,1871,0,,,,,,,,
521,2664,2310,0,,,,,,,,
522,2664,1245,0,,,,,,,,
523,2664,2311,1,,,,,,,,1
524,2664,2281,0,,,,,,,,
525,2664,2886,0,,,,,,,,
526,2664,1653,0,,,,,,,,
527,2664,1865,0,,,,,,,,
528,2664,1556,0,,,,,,,,
529,2664,2572,0,0,,,,,,,
530,2664,2664,1,,,,,,,,1
531,2664,1295,0,,,,,,,,
532,2664,2092,1,,,,,,,,1
533,2664,2560,1,,,,,,,,1
534,2664,1555,1,,,,,,,,1
535,2664,2105,0,,,,,,,,
536,2664,1808,0,,,,,,,,
537,2664,2689,0,,,,,,,,
538,2664,2166,0,,,,,,,,
539,2664,2168,1,1,,,,,,,
540,2664,2607,1,,,,,,,,1
541,2664,2106,0,,,,,,,,
542,2664,791,0,,,,,,,,
543,2664,2696,0,,,,,,,,
544,2664,1944,2,1,,,,,,,1
545,2664,1851,0,,,,,,,,
546,2664,1873,2,1,,,,,,,1
547,2664,2698,0,,,,,,,,
548,2664,1911,0,,,,,,,,
549,2664,2864,0,,,,,,,,
550,2664,2814,0,,,,,,,,
551,2664,2856,1,,,,,,,,1
552,1295,2765,4,2,,,,,,,2
553,1295,2565,0,,,,,,,,
554,1295,2260,2,2,,,,,,,
555,1295,2341,0,,,,,,,,
556,1295,1795,0,,,,,,,,
557,1295,2531,1,,,,,,,,1
558,1295,2169,0,,,,,,,,
559,1295,1957,0,,,,,,,,
560,1295,2699,0,,,,,,,,
561,1295,2545,0,,,,,,,,
562,1295,1670,0,,,,,,,,
563,1295,2123,2,1,,,,,,,1
564,1295,782,0,,,,,,,,
565,1295,2314,0,,,,,,,,
566,1295,1871,0,,,,,,,,
567,1295,2310,0,,,,,,,,
568,1295,1245,0,,,,,,,,
569,1295,2311,2,1,,,,,,,1
570,1295,2281,0,,,,,,,,
571,1295,2886,1,,,,,,,,1
572,1295,1653,0,,,,,,,,
573,1295,1865,0,,,,,,,,
574,1295,1556,0,,,,,,,,
575,1295,2572,1,1,,,,,,,
576,1295,2664,1,,,,,,,,1
577,1295,1295,1,1,,,,,,,
578,1295,2092,0,,,,,,,,
579,1295,2560,0,,,,,,,,
580,1295,1555,0,,,,,,,,
581,1295,2105,1,,,,,,,,1
582,1295,1808,0,,,,,,,,
583,1295,2689,0,,,,,,,,
584,1295,2166,0,,,,,,,,
585,1295,2168,1,,,,,,,,1
586,1295,2607,0,,,,,,,,
587,1295,2106,0,,,,,,,,
588,1295,791,0,,,,,,,,
589,1295,2696,0,,,,,,,,
590,1295,1944,0,,,,,,,,
591,1295,1851,0,,,,,,,,
592,1295,1873,0,,,,,,,,
593,1295,2698,1,,,,,,,,1
594,1295,1911,0,,,,,,,,
595,1295,2864,0,,,,,,,,
596,1295,2814,0,,,,,,,,
597,1295,2856,0,,,,,,,,
598,2092,2765,0,,,,,,,,
599,2092,2565,0,,,,,,,,
600,2092,2260,0,,,,,,,,
601,2092,2341,0,,,,,,,,
602,2092,1795,0,,,,,,,,
603,2092,2531,0,,,,,,,,
604,2092,2169,0,,,,,,,,
605,2092,1957,0,,,,,,,,
606,2092,2699,0,,,,,,,,
607,2092,2545,0,,,,,,,,
608,2092,1670,0,,,,,,,,
609,2092,2123,2,1,,,,,,,1
610,2092,782,0,,,,,,,,
611,2092,2314,1,1,,,,,,,
612,2092,1871,0,,,,,,,,
613,2092,2310,0,,,,,,,,
614,2092,1245,0,,,,,,,,
615,2092,2311,0,,,,,,,,
616,2092,2281,0,,,,,,,,
617,2092,2886,1,1,,,,,,,
618,2092,1653,0,,,,,,,,
619,2092,1865,0,,,,,,,,
620,2092,1556,0,,,,,,,,
621,2092,2572,0,,,,,,,,
622,2092,2664,0,,,,,,,,
623,2092,1295,0,,,,,,,,
624,2092,2092,0,,,,,,,,
625,2092,2560,0,,,,,,,,
626,2092,1555,0,,,,,,,,
627,2092,2105,0,,,,,,,,
628,2092,1808,0,,,,,,,,
629,2092,2689,0,,,,,,,,
630,2092,2166,0,,,,,,,,
631,2092,2168,0,,,,,,,,
632,2092,2607,0,,,,,,,,
633,2092,2106,0,,,,,,,,
634,2092,791,0,,,,,,,,
635,2092,2696,0,,,,,,,,
636,2092,1944,0,,,,,,,,
637,2092,1851,0,,,,,,,,
638,2092,1873,0,,,,,,,,
639,2092,2698,0,,,,,,,,
640,2092,1911,0,,,,,,,,
641,2092,2864,0,,,,,,,,
642,2092,2814,0,,,,,,,,
643,2092,2856,0,,,,,,,,
644,2560,2765,1,1,,,,,,,
645,2560,2565,0,,,,,,,,
646,2560,2260,0,,,,,,,,
647,2560,2341,0,,,,,,,,
648,2560,1795,0,,,,,,,,
649,2560,2531,0,,,,,,,,
650,2560,2169,1,1,,,,,,,
651,2560,1957,0,,,,,,,,
652,2560,2699,0,,,,,,,,
653,2560,2545,0,,,,,,,,
654,2560,1670,0,,,,,,,,
655,2560,2123,2,1,,,,,,,1
656,2560,782,1,1,,,,,,,
657,2560,2314,1,,,,,,,,1
658,2560,1871,1,1,,,,,,,
659,2560,2310,0,,,,,,,,
660,2560,1245,0,,,,,,,,
661,2560,2311,2,1,,,,,,,1
662,2560,2281,0,,,,,,,,
663,2560,2886,3,2,,,,,,,1
664,2560,1653,0,,,,,,,,
665,2560,1865,0,,,,,,,,
666,2560,1556,0,,,,,,,,
667,2560,2572,1,,,,,,,,1
668,2560,2664,0,,,,,,,,
669,2560,1295,0,,,,,,,,
670,2560,2092,0,,,,,,,,
671,2560,2560,1,,,,,,,,1
672,2560,1555,0,,,,,,,,
673,2560,2105,1,,,,,,,,1
674,2560,1808,0,,,,,,,,
675,2560,2689,0,,,,,,,,
676,2560,2166,0,,,,,,,,
677,2560,2168,1,,,,,,,,1
678,2560,2607,0,,,,,,,,
679,2560,2106,2,1,,,,,,,1
680,2560,791,0,,,,,,,,
681,2560,2696,1,1,,,,,,,
682,2560,1944,0,,,,,,,,
683,2560,1851,0,,,,,,,,
684,2560,1873,2,1,,,,,,,1
685,2560,2698,2,1,,,,,,,1
686,2560,1911,2,1,,,,,,,1
687,2560,2864,2,1,,,,,,,1
688,2560,2814,1,,,,,,,,1
689,2560,2856,2,1,,,,,,,1
690,1555,2765,0,,,,,,,,
691,1555,2565,0,,,,,,,,
692,1555,2260,0,,,,,,,,
693,1555,2341,1,,,,,,,,1
694,1555,1795,0,,,,,,,,
695,1555,2531,0,,,,,,,,
696,1555,2169,0,,,,,,,,
697,1555,1957,0,,,,,,,,
698,1555,2699,0,,,,,,,,
699,1555,2545,0,,,,,,,,
700,1555,1670,0,,,,,,,,
701,1555,2123,1,1,,,,,,,
702,1555,782,1,,,,,,,,1
703,1555,2314,0,,,,,,,,
704,1555,1871,0,,,,,,,,
705,1555,2310,0,,,,,,,,
706,1555,1245,0,,,,,,,,
707,1555,2311,2,1,,,,,,,1
708,1555,2281,0,,,,,,,,
709,1555,2886,1,1,,,,,,,
710,1555,1653,0,,,,,,,,
711,1555,1865,0,,,,,,,,
712,1555,1556,0,,,,,,,,
713,1555,2572,0,,,,,,,,
714,1555,2664,0,,,,,,,,
715,1555,1295,0,,,,,,,,
716,1555,2092,0,,,,,,,,
717,1555,2560,2,1,,,,,,,1
718,1555,1555,0,,,,,,,,
719,1555,2105,0,,,,,,,,
720,1555,1808,0,,,,,,,,
721,1555,2689,0,,,,,,,,
722,1555,2166,1,1,,,,,,,
723,1555,2168,2,1,,,,,,,1
724,1555,2607,0,,,,,,,,
725,1555,2106,0,,,,,,,,
726,1555,791,0,,,,,,,,
727,1555,2696,0,,,,,,,,
728,1555,1944,0,,,,,,,,
729,1555,1851,1,1,,,,,,,
730,1555,1873,2,1,,,,,,,1
731,1555,2698,1,,,,,,,,1
732,1555,1911,0,,,,,,,,
733,1555,2864,0,,,,,,,,
734,1555,2814,0,,,,,,,,
735,1555,2856,0,,,,,,,,
736,2105,2765,0,,,,,,,,
737,2105,2565,0,,,,,,,,
738,2105,2260,2,1,,,,,,,1
739,2105,2341,1,,,,,,,,1
740,2105,1795,0,,,,,,,,
741,2105,2531,0,,,,,,,,
742,2105,2169,1,,,,,,,,1
743,2105,1957,1,,,,,,,,1
744,2105,2699,0,,,,,,,,
745,2105,2545,0,,,,,,,,
746,2105,1670,0,,,,,,,,
747,2105,2123,1,,,,,,,,1
748,2105,782,1,,,,,,,,1
749,2105,2314,0,,,,,,,,
750,2105,1871,0,,,,,,,,
751,2105,2310,1,,,,,,,,1
752,2105,1245,1,,,,,,,,1
753,2105,2311,2,1,,,,,,,1
754,2105,2281,0,,,,,,,,
755,2105,2886,2,1,,,,,,,1
756,2105,1653,0,,,,,,,,
757,2105,1865,0,,,,,,,,
758,2105,1556,0,,,,,,,,
759,2105,2572,2,1,,,,,,,1
760,2105,2664,0,,,,,,,,
761,2105,1295,0,,,,,,,,
762,2105,2092,0,,,,,,,,
763,2105,2560,1,1,,,,,,,
764,2105,1555,1,,,,,,,,1
765,2105,2105,1,,,,,,,,1
766,2105,1808,2,1,,,,,,,1
767,2105,2689,1,,,,,,,,1
768,2105,2166,1,,,,,,,,1
769,2105,2168,1,,,,,,,,1
770,2105,2607,1,,,,,,,,1
771,2105,2106,1,,,,,,,,1
772,2105,791,0,,,,,,,,
773,2105,2696,1,1,,,,,,,
774,2105,1944,0,,,,,,,,
775,2105,1851,0,,,,,,,,
776,2105,1873,2,1,,,,,,,1
777,2105,2698,1,,,,,,,,1
778,2105,1911,1,,,,,,,,1
779,2105,2864,0,,,,,,,,
780,2105,2814,0,,,,,,,,
781,2105,2856,1,,,,,,,,1
782,1808,2765,0,,,,,,,,
783,1808,2565,0,,,,,,,,
784,1808,2260,0,,,,,,,,
785,1808,2341,0,,,,,,,,
786,1808,1795,0,,,,,,,,
787,1808,2531,0,,,,,,,,
788,1808,2169,0,,,,,,,,
789,1808,1957,0,,,,,,,,
790,1808,2699,0,,,,,,,,
791,1808,2545,0,,,,,,,,
792,1808,1670,0,,,,,,,,
793,1808,2123,1,,,,,,,,1
794,1808,782,0,,,,,,,,
795,1808,2314,0,,,,,,,,
796,1808,1871,0,,,,,,,,
797,1808,2310,1,,,,,,,,1
798,1808,1245,0,,,,,,,,
799,1808,2311,2,1,,,,,,,1
800,1808,2281,0,,,,,,,,
801,1808,2886,2,1,,,,,,,1
802,1808,1653,0,,,,,,,,
803,1808,1865,0,,,,,,,,
804,1808,1556,0,,,,,,,,
805,1808,2572,2,1,,,,,,,1
806,1808,2664,0,,,,,,,,
807,1808,1295,0,,,,,,,,
808,1808,2092,1,,,,,,,,1
809,1808,2560,1,1,,,,,,,
810,1808,1555,0,,,,,,,,
811,1808,2105,1,,,,,,,,1
812,1808,1808,0,,,,,,,,
813,1808,2689,0,,,,,,,,
814,1808,2166,0,,,,,,,,
815,1808,2168,1,,,,,,,,1
816,1808,2607,1,,,,,,,,1
817,1808,2106,1,,,,,,,,1
818,1808,791,0,,,,,,,,
819,1808,2696,1,1,,,,,,,
820,1808,1944,0,,,,,,,,
821,1808,1851,0,,,,,,,,
822,1808,1873,0,,,,,,,,
823,1808,2698,1,1,,,,,,,
824,1808,1911,2,1,,,,,,,1
825,1808,2864,0,,,,,,,,
826,1808,2814,1,,,,,,,,1
827,1808,2856,1,,,,,,,,1
828,2689,2765,1,,,,,,,,1
829,2689,2565,0,,,,,,,,
830,2689,2260,1,1,,,,,,,
831,2689,2341,0,,,,,,,,
832,2689,1795,0,,,,,,,,
833,2689,2531,1,,,,,,,,1
834,2689,2169,1,,,,,,,,1
835,2689,1957,1,,,,,,,,1
836,2689,2699,0,,,,,,,,
837,2689,2545,1,,,,,,,,1
838,2689,1670,1,,,,,,,,1
839,2689,2123,1,,,,,,,,1
840,2689,782,1,,,,,,,,1
841,2689,2314,1,,,,,,,,1
842,2689,1871,0,,,,,,,,
843,2689,2310,1,,,,,,,,1
844,2689,1245,1,,,,,,,,1
845,2689,2311,2,1,,,,,,,1
846,2689,2281,0,,,,,,,,
847,2689,2886,2,1,,,,,,,1
848,2689,1653,0,,,,,,,,
849,2689,1865,0,,,,,,,,
850,2689,1556,0,,,,,,,,
851,2689,2572,1,,,,,,,,1
852,2689,2664,2,1,,,,,,,1
853,2689,1295,0,,,,,,,,
854,2689,2092,1,,,,,,,,1
855,2689,2560,0,,,,,,,,
856,2689,1555,0,,,,,,,,
857,2689,2105,1,,,,,,,,1
858,2689,1808,0,,,,,,,,
859,2689,2689,1,,,,,,,,1
860,2689,2166,1,,,,,,,,1
861,2689,2168,1,,,,,,,,1
862,2689,2607,0,,,,,,,,
863,2689,2106,1,1,,,,,,,
864,2689,791,0,,,,,,,,
865,2689,2696,1,1,,,,,,,
866,2689,1944,0,,,,,,,,
867,2689,1851,0,,,,,,,,
868,2689,1873,2,1,,,,,,,1
869,2689,2698,1,,,,,,,,1
870,2689,1911,1,1,,,,,,,
871,2689,2864,0,,,,,,,,
872,2689,2814,0,,,,,,,,
873,2689,2856,1,,,,,,,,1
874,2168,2765,2,1,,,,,,,1
875,2168,2565,0,,,,,,,,
876,2168,2260,2,1,,,,,,,1
877,2168,2341,2,1,,,,,,,1
878,2168,1795,0,,,,,,,,
879,2168,2531,0,,,,,,,,
880,2168,2169,1,,,,,,,,1
881,2168,1957,0,,,,,,,,
882,2168,2699,0,,,,,,,,
883,2168,2545,0,,,,,,,,
884,2168,1670,0,,,,,,,,
885,2168,2123,2,1,,,,,,,1
886,2168,782,2,1,,,,,,,1
887,2168,2314,0,,,,,,,,
888,2168,1871,1,1,,,,,,,
889,2168,2310,1,1,,,,,,,
890,2168,1245,1,,,,,,,,1
891,2168,2311,2,1,,,,,,,1
892,2168,2281,1,,,,,,,,1
893,2168,2886,2,1,,,,,,,1
894,2168,1653,0,,,,,,,,
895,2168,1865,0,,,,,,,,
896,2168,1556,1,,,,,,,,1
897,2168,2572,2,1,,,,,,,1
898,2168,2664,1,,,,,,,,1
899,2168,1295,0,,,,,,,,
900,2168,2092,1,,,,,,,,1
901,2168,2560,1,1,,,,,,,
902,2168,1555,0,,,,,,,,
903,2168,2105,1,,,,,,,,1
904,2168,1808,0,,,,,,,,
905,2168,2689,0,,,,,,,,
906,2168,2166,1,,,,,,,,1
907,2168,2168,2,1,,,,,,,1
908,2168,2607,0,,,,,,,,
909,2168,2106,0,,,,,,,,
910,2168,791,0,,,,,,,,
911,2168,2696,1,1,,,,,,,
912,2168,1944,0,,,,,,,,
913,2168,1851,1,1,,,,,,,
914,2168,1873,2,1,,,,,,,1
915,2168,2698,1,,,,,,,,1
916,2168,1911,0,,,,,,,,
917,2168,2864,0,0,,,,,,,
918,2168,2814,0,,,,,,,,
919,2168,2856,0,,,,,,,,
920,2607,2765,0,,,,,,,,
921,2607,2565,0,,,,,,,,
922,2607,2260,1,1,,,,,,,
923,2607,2341,0,,,,,,,,
924,2607,1795,0,,,,,,,,
925,2607,2531,1,,,,,,,,1
926,2607,2169,1,,,,,,,,1
927,2607,1957,1,,,,,,,,1
928,2607,2699,0,,,,,,,,
929,2607,2545,0,,,,,,,,
930,2607,1670,0,,,,,,,,
931,2607,2123,1,,,,,,,,1
932,2607,782,1,,,,,,,,1
933,2607,2314,0,,,,,,,,
934,2607,1871,1,,,,,,,,1
935,2607,2310,1,,,,,,,,1
936,2607,1245,0,,,,,,,,
937,2607,2311,2,1,,,,,,,1
938,2607,2281,0,,,,,,,,
939,2607,2886,2,1,,,,,,,1
940,2607,1653,0,,,,,,,,
941,2607,1865,0,,,,,,,,
942,2607,1556,1,,,,,,,,1
943,2607,2572,2,1,,,,,,,1
944,2607,2664,0,,,,,,,,
945,2607,1295,1,,,,,,,,1
946,2607,2092,1,,,,,,,,1
947,2607,2560,1,,,,,,,,1
948,2607,1555,1,,,,,,,,1
949,2607,2105,1,,,,,,,,1
950,2607,1808,0,,,,,,,,
951,2607,2689,0,,,,,,,,
952,2607,2166,1,1,,,,,,,
953,2607,2168,1,,,,,,,,1
954,2607,2607,1,,,,,,,,1
955,2607,2106,0,,,,,,,,
956,2607,791,0,,,,,,,,
957,2607,2696,0,,,,,,,,
958,2607,1944,0,,,,,,,,
959,2607,1851,0,,,,,,,,
960,2607,1873,0,,,,,,,,
961,2607,2698,0,,,,,,,,
962,2607,1911,0,,,,,,,,
963,2607,2864,0,,,,,,,,
964,2607,2814,0,,,,,,,,
965,2607,2856,1,,,,,,,,1
966,2106,2765,0,,,,,,,,
967,2106,2565,0,,,,,,,,
968,2106,2260,1,1,,,,,,,
969,2106,2341,0,,,,,,,,
970,2106,1795,0,,,,,,,,
971,2106,2531,1,,,,,,,,1
972,2106,2169,1,,,,,,,,1
973,2106,1957,1,,,,,,,,1
974,2106,2699,0,,,,,,,,
975,2106,2545,0,,,,,,,,
976,2106,1670,0,,,,,,,,
977,2106,2123,1,1,,,,,,,
978,2106,782,0,,,,,,,,
979,2106,2314,0,,,,,,,,
980,2106,1871,0,,,,,,,,
981,2106,2310,1,,,,,,,,1
982,2106,1245,0,,,,,,,,
983,2106,2311,1,,,,,,,,1
984,2106,2281,0,,,,,,,,
985,2106,2886,1,,,,,,,,1
986,2106,1653,0,,,,,,,,
987,2106,1865,0,,,,,,,,
988,2106,1556,0,,,,,,,,
989,2106,2572,1,1,,,,,,,
990,2106,2664,0,,,,,,,,
991,2106,1295,0,,,,,,,,
992,2106,2092,0,,,,,,,,
993,2106,2560,1,1,,,,,,,
994,2106,1555,0,,,,,,,,
995,2106,2105,2,1,,,,,,,1
996,2106,1808,0,,,,,,,,
997,2106,2689,1,,,,,,,,1
998,2106,2166,0,,,,,,,,
999,2106,2168,1,,,,,,,,1
1000,2106,2607,0,,,,,,,,
1001,2106,2106,0,,,,,,,,
1002,2106,791,0,,,,,,,,
1003,2106,2696,1,1,,,,,,,
1004,2106,1944,0,,,,,,,,
1005,2106,1851,0,,,,,,,,
1006,2106,1873,1,1,,,,,,,
1007,2106,2698,2,1,,,,,,,1
1008,2106,1911,1,1,,,,,,,
1009,2106,2864,0,,,,,,,,
1010,2106,2814,1,,,,,,,,1
1011,2106,2856,1,,,,,,,,1
1012,791,2765,0,,,,,,,,
1013,791,2565,0,,,,,,,,
1014,791,2260,0,,,,,,,,
1015,791,2341,0,,,,,,,,
1016,791,1795,0,,,,,,,,
1017,791,2531,0,,,,,,,,
1018,791,2169,0,,,,,,,,
1019,791,1957,0,,,,,,,,
1020,791,2699,0,,,,,,,,
1021,791,2545,0,,,,,,,,
1022,791,1670,0,,,,,,,,
1023,791,2123,0,,,,,,,,
1024,791,782,0,,,,,,,,
1025,791,2314,0,,,,,,,,
1026,791,1871,0,,,,,,,,
1027,791,2310,0,,,,,,,,
1028,791,1245,0,,,,,,,,
1029,791,2311,0,,,,,,,,
1030,791,2281,0,,,,,,,,
1031,791,2886,0,,,,,,,,
1032,791,1653,0,,,,,,,,
1033,791,1865,0,,,,,,,,
1034,791,1556,0,,,,,,,,
1035,791,2572,1,1,,,,,,,
1036,791,2664,0,,,,,,,,
1037,791,1295,0,,,,,,,,
1038,791,2092,0,,,,,,,,
1039,791,2560,0,,,,,,,,
1040,791,1555,0,,,,,,,,
1041,791,2105,0,,,,,,,,
1042,791,1808,0,,,,,,,,
1043,791,2689,0,,,,,,,,
1044,791,2166,0,,,,,,,,
1045,791,2168,0,,,,,,,,
1046,791,2607,0,,,,,,,,
1047,791,2106,0,,,,,,,,
1048,791,791,0,,,,,,,,
1049,791,2696,1,1,,,,,,,
1050,791,1944,0,,,,,,,,
1051,791,1851,0,,,,,,,,
1052,791,1873,0,,,,,,,,
1053,791,2698,0,,,,,,,,
1054,791,1911,0,,,,,,,,
1055,791,2864,0,,,,,,,,
1056,791,2814,1,,,,,,,,1
1057,791,2856,0,,,,,,,,
1058,2696,2765,1,1,,,,,,,
1059,2696,2565,0,,,,,,,,
1060,2696,2260,0,,,,,,,,
1061,2696,2341,0,,,,,,,,
1062,2696,1795,0,,,,,,,,
1063,2696,2531,0,,,,,,,,
1064,2696,2169,0,,,,,,,,
1065,2696,1957,0,,,,,,,,
1066,2696,2699,0,,,,,,,,
1067,2696,2545,1,1,,,,,,,
1068,2696,1670,0,,,,,,,,
1069,2696,2123,1,1,,,,,,,
1070,2696,782,1,1,,,,,,,
1071,2696,2314,1,1,,,,,,,
1072,2696,1871,1,1,,,,,,,
1073,2696,2310,0,,,,,,,,
1074,2696,1245,1,1,,,,,,,
1075,2696,2311,1,1,,,,,,,
1076,2696,2281,0,,,,,,,,
1077,2696,2886,1,1,,,,,,,
1078,2696,1653,0,,,,,,,,
1079,2696,1865,0,,,,,,,,
1080,2696,1556,0,,,,,,,,
1081,2696,2572,0,,,,,,,,
1082,2696,2664,1,,,,,,,,1
1083,2696,1295,1,,,,,,,,1
1084,2696,2092,0,,,,,,,,
1085,2696,2560,0,,,,,,,,
1086,2696,1555,0,,,,,,,,
1087,2696,2105,1,,,,,,,,1
1088,2696,1808,0,,,,,,,,
1089,2696,2689,0,,,,,,,,
1090,2696,2166,1,1,,,,,,,
1091,2696,2168,0,,,,,,,,
1092,2696,2607,0,,,,,,,,
1093,2696,2106,1,1,,,,,,,
1094,2696,791,0,,,,,,,,
1095,2696,2696,0,,,,,,,,
1096,2696,1944,0,,,,,,,,
1097,2696,1851,1,1,,,,,,,
1098,2696,1873,0,,,,,,,,
1099,2696,2698,0,,,,,,,,
1100,2696,1911,0,,,,,,,,
1101,2696,2864,1,1,,,,,,,
1102,2696,2814,1,,,,,,,,1
1103,2696,2856,0,,,,,,,,
1104,1944,2765,1,1,,,,,,,
1105,1944,2565,0,,,,,,,,
1106,1944,2260,1,1,,,,,,,
1107,1944,2341,0,,,,,,,,
1108,1944,1795,0,,,,,,,,
1109,1944,2531,0,,,,,,,,
1110,1944,2169,0,,,,,,,,
1111,1944,1957,0,,,,,,,,
1112,1944,2699,0,,,,,,,,
1113,1944,2545,0,,,,,,,,
1114,1944,1670,0,,,,,,,,
1115,1944,2123,2,1,,,,,,,1
1116,1944,782,0,,,,,,,,
1117,1944,2314,0,,,,,,,,
1118,1944,1871,1,,,,,,,,1
1119,1944,2310,0,,,,,,,,
1120,1944,1245,0,,,,,,,,
1121,1944,2311,1,1,,,,,,,
1122,1944,2281,0,,,,,,,,
1123,1944,2886,2,1,,,,,,,1
1124,1944,1653,0,,,,,,,,
1125,1944,1865,0,,,,,,,,
1126,1944,1556,0,,,,,,,,
1127,1944,2572,1,1,,,,,,,
1128,1944,2664,1,1,,,,,,,
1129,1944,1295,0,,,,,,,,
1130,1944,2092,0,,,,,,,,
1131,1944,2560,2,2,,,,,,,
1132,1944,1555,0,,,,,,,,
1133,1944,2105,1,,,,,,,,1
1134,1944,1808,0,,,,,,,,
1135,1944,2689,0,,,,,,,,
1136,1944,2166,0,,,,,,,,
1137,1944,2168,2,1,,,,,,,1
1138,1944,2607,0,,,,,,,,
1139,1944,2106,0,,,,,,,,
1140,1944,791,0,,,,,,,,
1141,1944,2696,0,,,,,,,,
1142,1944,1944,1,1,,,,,,,
1143,1944,1851,1,1,,,,,,,
1144,1944,1873,0,,,,,,,,
1145,1944,2698,0,,,,,,,,
1146,1944,1911,0,,,,,,,,
1147,1944,2864,0,,,,,,,,
1148,1944,2814,0,,,,,,,,
1149,1944,2856,0,,,,,,,,
1150,1851,2765,0,,,,,,,,
1151,1851,2565,0,,,,,,,,
1152,1851,2260,0,,,,,,,,
1153,1851,2341,0,,,,,,,,
1154,1851,1795,0,,,,,,,,
1155,1851,2531,0,,,,,,,,
1156,1851,2169,0,,,,,,,,
1157,1851,1957,0,,,,,,,,
1158,1851,2699,0,,,,,,,,
1159,1851,2545,0,,,,,,,,
1160,1851,1670,0,,,,,,,,
1161,1851,2123,0,,,,,,,,
1162,1851,782,0,,,,,,,,
1163,1851,2314,0,,,,,,,,
1164,1851,1871,1,1,,,,,,,
1165,1851,2310,0,,,,,,,,
1166,1851,1245,0,,,,,,,,
1167,1851,2311,1,1,,,,,,,
1168,1851,2281,0,,,,,,,,
1169,1851,2886,1,1,,,,,,,
1170,1851,1653,0,,,,,,,,
1171,1851,1865,1,1,,,,,,,
1172,1851,1556,0,,,,,,,,
1173,1851,2572,1,1,,,,,,,
1174,1851,2664,0,,,,,,,,
1175,1851,1295,0,,,,,,,,
1176,1851,2092,0,,,,,,,,
1177,1851,2560,0,,,,,,,,
1178,1851,1555,0,,,,,,,,
1179,1851,2105,0,,,,,,,,
1180,1851,1808,0,,,,,,,,
1181,1851,2689,0,,,,,,,,
1182,1851,2166,0,,,,,,,,
1183,1851,2168,0,,,,,,,,
1184,1851,2607,0,,,,,,,,
1185,1851,2106,0,,,,,,,,
1186,1851,791,0,,,,,,,,
1187,1851,2696,0,,,,,,,,
1188,1851,1944,0,,,,,,,,
1189,1851,1851,0,,,,,,,,
1190,1851,1873,0,,,,,,,,
1191,1851,2698,0,,,,,,,,
1192,1851,1911,0,,,,,,,,
1193,1851,2864,0,,,,,,,,
1194,1851,2814,0,,,,,,,,
1195,1851,2856,0,,,,,,,,
1196,1873,2765,0,,,,,,,,
1197,1873,2565,0,,,,,,,,
1198,1873,2260,0,,,,,,,,
1199,1873,2341,0,,,,,,,,
1200,1873,1795,1,,,,,,,,1
1201,1873,2531,0,,,,,,,,
1202,1873,2169,0,,,,,,,,
1203,1873,1957,0,,,,,,,,
1204,1873,2699,0,,,,,,,,
1205,1873,2545,0,,,,,,,,
1206,1873,1670,1,1,,,,,,,
1207,1873,2123,2,2,,,,,,,
1208,1873,782,1,1,,,,,,,
1209,1873,2314,0,,,,,,,,
1210,1873,1871,1,1,,,,,,,
1211,1873,2310,1,1,,,,,,,
1212,1873,1245,1,1,,,,,,,
1213,1873,2311,2,2,,,,,,,
1214,1873,2281,0,,,,,,,,
1215,1873,2886,1,1,,,,,,,
1216,1873,1653,0,,,,,,,,
1217,1873,1865,1,1,,,,,,,
1218,1873,1556,1,1,,,,,,,
1219,1873,2572,1,,,,,,,,1
1220,1873,2664,0,,,,,,,,
1221,1873,1295,0,,,,,,,,
1222,1873,2092,2,,,,,,,,2
1223,1873,2560,2,2,,,,,,,
1224,1873,1555,1,,,,,,,,1
1225,1873,2105,2,,,,,,,,2
1226,1873,1808,0,,,,,,,,
1227,1873,2689,0,,,,,,,,
1228,1873,2166,0,,,,,,,,
1229,1873,2168,2,,,,,,,,2
1230,1873,2607,0,,,,,,,,
1231,1873,2106,1,,,,,,,,1
1232,1873,791,0,,,,,,,,
1233,1873,2696,0,,,,,,,,
1234,1873,1944,0,,,,,,,,
1235,1873,1851,1,,,,,,,,1
1236,1873,1873,1,,,,,,,,1
1237,1873,2698,1,,,,,,,,1
1238,1873,1911,0,,,,,,,,
1239,1873,2864,0,,,,,,,,
1240,1873,2814,0,,,,,,,,
1241,1873,2856,1,,,,,,,,1
1242,1911,2765,1,1,,,,,,,
1243,1911,2565,0,,,,,,,,
1244,1911,2260,0,,,,,,,,
1245,1911,2341,0,,,,,,,,
1246,1911,1795,1,,,,,,,,1
1247,1911,2531,1,,,,,,,,1
1248,1911,2169,2,1,,,,,,,1
1249,1911,1957,1,,,,,,,,1
1250,1911,2699,0,,,,,,,,
1251,1911,2545,0,,,,,,,,
1252,1911,1670,0,,,,,,,,
1253,1911,2123,1,1,,,,,,,
1254,1911,782,0,,,,,,,,
1255,1911,2314,1,,,,,,,,1
1256,1911,1871,1,1,,,,,,,
1257,1911,2310,1,,,,,,,,1
1258,1911,1245,0,,,,,,,,
1259,1911,2311,1,1,,,,,,,
1260,1911,2281,1,1,,,,,,,
1261,1911,2886,2,1,,,,,,,1
1262,1911,1653,1,,,,,,,,1
1263,1911,1865,0,,,,,,,,
1264,1911,1556,0,,,,,,,,
1265,1911,2572,1,,,,,,,,1
1266,1911,2664,0,,,,,,,,
1267,1911,1295,1,,,,,,,,1
1268,1911,2092,0,,,,,,,,
1269,1911,2560,0,,,,,,,,
1270,1911,1555,0,,,,,,,,
1271,1911,2105,1,,,,,,,,1
1272,1911,1808,0,,,,,,,,
1273,1911,2689,1,,,,,,,,1
1274,1911,2166,0,,,,,,,,
1275,1911,2168,1,,,,,,,,1
1276,1911,2607,0,,,,,,,,
1277,1911,2106,0,,,,,,,,
1278,1911,791,0,,,,,,,,
1279,1911,2696,1,,,,,,,,1
1280,1911,1944,1,,,,,,,,1
1281,1911,1851,1,,,,,,,,1
1282,1911,1873,1,,,,,,,,1
1283,1911,2698,1,,,,,,,,1
1284,1911,1911,0,,,,,,,,
1285,1911,2864,0,,,,,,,,
1286,1911,2814,1,,,,,,,,1
1287,1911,2856,1,,,,,,,,1
1288,2814,2765,2,1,,,,,,,1
1289,2814,2565,0,,,,,,,,
1290,2814,2260,1,1,,,,,,,
1291,2814,2341,1,,,,,,,,1
1292,2814,1795,1,,,,,,,,1
1293,2814,2531,1,,,,,,,,1
1294,2814,2169,1,,,,,,,,1
1295,2814,1957,0,,,,,,,,
1296,2814,2699,0,,,,,,,,
1297,2814,2545,0,,,,,,,,
1298,2814,1670,1,,,,,,,,1
1299,2814,2123,2,1,,,,,,,1
1300,2814,782,2,1,,,,,,,1
1301,2814,2314,1,,,,,,,,1
1302,2814,1871,0,,,,,,,,
1303,2814,2310,1,,,,,,,,1
1304,2814,1245,1,,,,,,,,1
1305,2814,2311,1,,,,,,,,1
1306,2814,2281,1,,,,,,,,1
1307,2814,2886,1,,,,,,,,1
1308,2814,1653,1,,,,,,,,1
1309,2814,1865,0,,,,,,,,
1310,2814,1556,1,,,,,,,,1
1311,2814,2572,1,,,,,,,,1
1312,2814,2664,1,,,,,,,,1
1313,2814,1295,1,,,,,,,,1
1314,2814,2092,1,,,,,,,,1
1315,2814,2560,0,,,,,,,,
1316,2814,1555,1,,,,,,,,1
1317,2814,2105,1,,,,,,,,1
1318,2814,1808,0,,,,,,,,
1319,2814,2689,0,,,,,,,,
1320,2814,2166,1,,,,,,,,1
1321,2814,2168,2,1,,,,,,,1
1322,2814,2607,0,,,,,,,,
1323,2814,2106,1,1,,,,,,,
1324,2814,791,0,,,,,,,,
1325,2814,2696,0,,,,,,,,
1326,2814,1944,0,,,,,,,,
1327,2814,1851,0,,,,,,,,
1328,2814,1873,1,,,,,,,,1
1329,2814,2698,1,,,,,,,,1
1330,2814,1911,0,,,,,,,,
1331,2814,2864,1,1,,,,,,,
1332,2814,2814,0,,,,,,,,
1333,2814,2856,1,,,,,,,,1
1334,2856,2765,0,,,,,,,,
1335,2856,2565,0,,,,,,,,
1336,2856,2260,0,,,,,,,,
1337,2856,2341,0,,,,,,,,
1338,2856,1795,0,,,,,,,,
1339,2856,2531,0,,,,,,,,
1340,2856,2169,1,,,,,,,,1
1341,2856,1957,1,,,,,,,,1
1342,2856,2699,0,,,,,,,,
1343,2856,2545,0,,,,,,,,
1344,2856,1670,0,,,,,,,,
1345,2856,2123,0,,,,,,,,
1346,2856,782,0,,,,,,,,
1347,2856,2314,0,,,,,,,,
1348,2856,1871,1,,,,,,,,1
1349,2856,2310,1,,,,,,,,1
1350,2856,1245,0,,,,,,,,
1351,2856,2311,1,,,,,,,,1
1352,2856,2281,0,,,,,,,,
1353,2856,2886,2,1,,,,,,,1
1354,2856,1653,0,,,,,,,,
1355,2856,1865,1,,,,,,,,1
1356,2856,1556,0,,,,,,,,
1357,2856,2572,1,1,,,,,,,
1358,2856,2664,1,,,,,,,,1
1359,2856,1295,1,,,,,,,,1
1360,2856,2092,0,,,,,,,,
1361,2856,2560,1,1,,,,,,,
1362,2856,1555,0,,,,,,,,
1363,2856,2105,1,,,,,,,,1
1364,2856,1808,1,,,,,,,,1
1365,2856,2689,1,,,,,,,,1
1366,2856,2166,1,,,,,,,,1
1367,2856,2168,2,1,,,,,,,1
1368,2856,2607,1,,,,,,,,1
1369,2856,2106,0,,,,,,,,
1370,2856,791,0,,,,,,,,
1371,2856,2696,0,,,,,,,,
1372,2856,1944,2,1,,,,,,,1
1373,2856,1851,0,,,,,,,,
1374,2856,1873,1,,,,,,,,1
1375,2856,2698,0,,,,,,,,
1376,2856,1911,1,1,,,,,,,
1377,2856,2864,0,,,,,,,,
1378,2856,2814,1,,,,,,,,1
1379,2856,2856,1,,,,,,,,1